B,N,D,sdtw_maghoumi_ms,sdtw_maghoumi_std,sdtw_maghoumi_mb,sdtw_unfused_ms,sdtw_unfused_std,sdtw_unfused_mb,sdtw_fused_ms,sdtw_fused_std,sdtw_fused_mb,dtw_unfused_ms,dtw_unfused_std,dtw_unfused_mb,dtw_fused_ms,dtw_fused_std,dtw_fused_mb
16,256,64,9.244073050362724,0.0177993971898625,1031.0009765625,6.506770270211356,0.028952948315296496,47.5029296875,73.71165684291294,0.8104016390332321,35.43994140625,28.675318581717356,0.34893939181203026,34.28125,131.50532967703683,0.9120431192034522,18.29736328125
16,512,64,30.37110846383231,1.0510278809088132,4134.2509765625,18.39128221784319,0.025885956086598765,134.7529296875,145.67445591517858,1.5667759819534364,86.62744140625,57.11492483956473,0.701797711212505,84.3125,261.34522792271207,2.102274595975691,20.34423828125
16,1024,64,114.61508178710938,0.8638244831842753,16476.2509765625,67.80017416817802,0.07588062906627693,477.2529296875,294.24794224330356,3.2337915322084134,285.00244140625,114.16139875139508,0.7986271162458967,280.375,521.9827096121652,4.157185266774665,24.43798828125
16,2048,64,,,,507.72387259347096,2.2137452771393518,1834.2529296875,653.6283656529018,2.1631004275017953,1065.75244140625,225.3830283028739,1.0388908426718322,1056.5,1007.5058855329241,9.497594374171646,32.62548828125
16,4096,64,,,,1032.177525111607,7.501044458855877,7240.2509765625,3878.3215680803573,1.39207248716382,4166.2509765625,452.3904767717634,4.671664441845442,4144.75,2030.3662806919642,16.487713527347367,49.00048828125
16,512,1,15.560932431902204,0.026639340725837155,112.72216796875,18.458427701677596,0.02864248008321462,128.8466796875,143.4107426234654,0.43399487906274714,80.72119140625,56.84672927856445,0.4950115296302348,80.375,253.79734584263392,1.636478566026736,16.40673828125
16,512,16,21.02096884591239,0.2587483384642312,1057.7509765625,18.986811229160853,0.8450658719862982,130.2529296875,143.37240382603235,1.438290192847108,82.12744140625,56.666102818080354,0.47913141685495386,81.3125,255.36712428501673,2.320674246255529,17.34423828125
16,512,128,44.216758728027344,0.9038905808526345,8236.2509765625,18.600521360124862,0.03439565851390571,140.7529296875,166.44539969308036,0.6910509224068785,92.62744140625,55.624598911830354,1.1167429763368393,88.3125,252.93566676548548,1.188333269765069,24.34423828125
32,1024,64,,,,71.21895708356585,0.1893099759866123,938.2529296875,332.49375697544644,1.6605403974899735,553.75244140625,110.22553144182477,0.5752308108125056,544.5,507.0153372628348,3.9331617033809607,32.62548828125
