B,N,D,maghoumi_mb,ours_unfused_mb,ours_fused_mb,maghoumi_ms,ours_unfused_ms,ours_fused_ms,fused_saving_mb,fused_saving_pct
16,128,1,6.12841796875,24.06396484375,21.0322265625,3.839750289916992,2.517407989501953,44.81634521484375,-14.90380859375,-243.19177754760577
16,128,64,275.2509765625,26.03271484375,23.0009765625,9.088614654541015,2.617100715637207,44.16000061035156,252.25,91.6436348928712
16,512,1,112.75341796875,128.8779296875,80.75244140625,21.07494354248047,16.81157684326172,168.49346923828125,32.0009765625,28.38138048406584
16,512,64,4136.2509765625,136.7529296875,88.62744140625,84.748291015625,16.68231658935547,173.32872314453124,4047.62353515625,97.85730019990457
16,1024,1,401.25341796875,465.5029296875,273.25244140625,85.94022216796876,94.8993408203125,347.8200439453125,128.0009765625,31.90028317029036
16,1024,64,,481.2529296875,289.00244140625,,92.53760375976563,849.48701171875,,
16,2048,1,,1810.7529296875,1042.25244140625,,605.86005859375,690.01025390625,,
16,2048,64,,1842.2529296875,1073.75244140625,,602.276708984375,5568.689453125,,
32,128,1,28.50341796875,30.5654296875,24.50244140625,3.537305450439453,2.1519807815551757,43.418212890625,4.0009765625,14.036830835117772
32,128,64,534.2509765625,34.5029296875,28.43994140625,11.820851135253907,2.1993471145629884,42.55867004394531,505.81103515625,94.6766702067183
32,512,1,209.25341796875,241.5029296875,145.25244140625,43.223245239257814,43.439205932617185,166.78466796875,64.0009765625,30.585391236982296
32,512,64,8256.2509765625,257.2529296875,161.00244140625,2647.51953125,44.151922607421874,426.4021484375,8095.24853515625,98.04993281014231
32,1024,1,786.25341796875,914.7529296875,530.25244140625,190.43018798828126,204.1776123046875,345.2409912109375,256.0009765625,32.559601104675245
32,1024,64,,946.2529296875,561.75244140625,,204.54154052734376,2780.1037109375,,
32,2048,1,,3609.2509765625,2071.2509765625,,1195.1591796875,718.104296875,,
32,2048,64,,3672.2509765625,2134.2509765625,,1201.52431640625,12640.45859375,,
